																																											
																																											
	Player	Team	Position	Implied Rank	Proj PPG	Season	Pass Yds	Pass YPG	Pass TDs	Rush Yds	Rush YPG	Rush TDs	Receptions	Rec PG	Rec Yards	Rec YPG	Rec TD	EPS	Pos_Scarcity	Adj_Pos_Scar	z_Score	Pos_Value	Overall Rank	Overall ADP	Delta to ADP	Pos. Rank	Pos. ADP	Delta to Pos. ADP	G-RANK			QB Ranks	Season	Rank	RB Ranks	Season	Rank	WR Ranks	Season	Rank	TE Ranks	Season	Rank
	Bijan Robinson	Atlanta Falcons	RB	RB1	18.5 	296 	0 	0.0 	0.0 	1,485 	92.8 	10.8 	38.7 	2.4 	403 	25.2 	3.8 	0.887 	1.000 	0.990 	2 	1.000 	1 	1 	0 	1 	1 	0 	0.984 			Josh Allen	333 	QB1	Bijan Robinson	296 	RB1	Ja'Marr Chase	277 	WR1	Brock Bowers	188 	TE1
	Ja'Marr Chase	Cincinnati Bengals	WR	WR1	17.3 	277 	0 	0.0 	0.0 	0 	0.0 	0.0 	124.2 	7.8 	1,404 	87.7 	12.3 	0.830 	1.000 	0.990 	2 	1.000 	2 	3 	1 	1 	1 	0 	0.978 			Lamar Jackson	309 	QB2	Jahmyr Gibbs	293 	RB2	Jaxon Smith-Njigba	274 	WR2	Trey McBride	184 	TE2
	Jahmyr Gibbs	Detroit Lions	RB	RB2	18.3 	293 	0 	0.0 	0.0 	1,105 	69.1 	9.6 	73.5 	4.6 	588 	36.8 	4.8 	0.879 	1.000 	0.980 	2 	0.981 	3 	2 	(1)	2 	2 	0 	0.970 			Joe Burrow	308 	QB3	Christian McCaffrey	289 	RB3	Puka Nacua	273 	WR3	Colston Loveland	167 	TE3
	Jaxon Smith-Njigba	Seattle Seahawks	WR	WR2	17.1 	274 	0 	0.0 	0.0 	21 	1.3 	0.2 	101.9 	6.4 	1,538 	96.1 	10.9 	0.822 	1.000 	0.980 	2 	0.981 	4 	5 	1 	2 	3 	1 	0.964 			Jalen Hurts	299 	QB4	Jonathan Taylor	279 	RB4	Amon-Ra St. Brown	240 	WR4	Tyler Warren	155 	TE4
	Puka Nacua	Los Angeles Rams	WR	WR3	17.1 	273 	0 	0.0 	0.0 	37 	2.3 	0.1 	115.3 	7.2 	1,534 	95.9 	9.6 	0.819 	1.000 	0.970 	2 	0.976 	5 	4 	(1)	3 	2 	(1)	0.957 			Jayden Daniels	298 	QB5	De'Von Achane	273 	RB5	CeeDee Lamb	231 	WR5	Harold Fannin Jr.	148 	TE5
	Christian McCaffrey	San Francisco 49ers	RB	RB3	18.0 	289 	0 	0.0 	0.0 	1,005 	62.8 	8.8 	75.2 	4.7 	684 	42.7 	4.9 	0.866 	1.000 	0.970 	2 	0.952 	6 	6 	0 	3 	3 	0 	0.952 			Dak Prescott	297 	QB6	James Cook III	244 	RB6	Justin Jefferson	225 	WR6	Tucker Kraft	142 	TE6
	Jonathan Taylor	Indianapolis Colts	RB	RB4	17.4 	279 	0 	0.0 	0.0 	1,401 	87.6 	13.2 	37.6 	2.3 	308 	19.3 	1.7 	0.838 	1.000 	0.960 	2 	0.888 	7 	7 	0 	4 	4 	0 	0.915 			Trevor Lawrence	295 	QB7	Kenneth Walker III	244 	RB7	A.J. Brown	222 	WR7	Kyle Pitts Sr.	127 	TE7
	De'Von Achane	Miami Dolphins	RB	RB5	17.1 	273 	0 	0.0 	0.0 	1,287 	80.5 	9.7 	56.8 	3.6 	415 	25.9 	2.7 	0.819 	1.000 	0.950 	2 	0.845 	8 	13 	5 	5 	7 	2 	0.890 			Drake Maye	295 	QB8	Ashton Jeanty	244 	RB8	George Pickens	219 	WR8	Sam LaPorta	123 	TE8
	Amon-Ra St. Brown	Detroit Lions	WR	WR4	15.0 	240 	0 	0.0 	0.0 	16 	1.0 	0.1 	104.6 	6.5 	1,255 	78.4 	9.9 	0.720 	1.000 	0.960 	2 	0.747 	9 	8 	(1)	4 	4 	0 	0.840 			Brock Purdy	292 	QB9	Omarion Hampton	242 	RB9	Nico Collins	219 	WR9	George Kittle	115 	TE9
	CeeDee Lamb	Dallas Cowboys	WR	WR5	14.4 	231 	0 	0.0 	0.0 	0 	0.0 	0.0 	88.7 	5.5 	1,277 	79.8 	9.8 	0.693 	1.000 	0.950 	2 	0.685 	10 	11 	1 	5 	6 	1 	0.805 			Patrick Mahomes II	288 	QB10	Chase Brown	240 	RB10	Drake London	211 	WR10	Travis Kelce	111 	TE10
	James Cook III	Buffalo Bills	RB	RB6	15.3 	244 	0 	0.0 	0.0 	1,335 	83.5 	8.6 	33.6 	2.1 	296 	18.5 	2.1 	0.733 	1.000 	0.940 	1 	0.650 	11 	10 	(1)	6 	5 	(1)	0.789 			Jaxson Dart	288 	QB11	Derrick Henry	239 	RB11	Rashee Rice	210 	WR11	Chig Okonkwo	111 	TE11
	Kenneth Walker III	Kansas City Chiefs	RB	RB7	15.2 	244 	0 	0.0 	0.0 	1,142 	71.4 	9.8 	38.9 	2.4 	354 	22.1 	2.7 	0.732 	1.000 	0.930 	1 	0.648 	12 	20 	8 	7 	11 	4 	0.783 			Justin Herbert	287 	QB12	Saquon Barkley	239 	RB12	Garrett Wilson	208 	WR12	Jake Ferguson	109 	TE12
	Justin Jefferson	Minnesota Vikings	WR	WR6	14.0 	225 	0 	0.0 	0.0 	0 	0.0 	0.0 	93.8 	5.9 	1,266 	79.1 	8.5 	0.674 	1.000 	0.940 	1 	0.640 	13 	9 	(4)	6 	5 	(1)	0.779 			Caleb Williams	285 	QB13	Breece Hall	233 	RB13	Tetairoa McMillan	201 	WR13	Mark Andrews	109 	TE13
	Ashton Jeanty	Las Vegas Raiders	RB	RB8	15.2 	244 	0 	0.0 	0.0 	1,201 	75.0 	7.6 	59.8 	3.7 	377 	23.5 	1.8 	0.731 	1.000 	0.920 	1 	0.646 	14 	12 	(2)	8 	6 	(2)	0.778 			Kyler Murray	280 	QB14	Javonte Williams	222 	RB14	Malik Nabers	193 	WR14	Hunter Henry	103 	TE14
	Brock Bowers	Las Vegas Raiders	TE	TE1	11.8 	188 	0 	0.0 	0.0 	0 	0.0 	0.0 	88.8 	5.6 	942 	58.9 	8.2 	0.564 	0.600 	0.594 	2 	1.000 	15 	17 	2 	1 	2 	1 	0.772 			Jared Goff	280 	QB15	Travis Etienne Jr.	217 	RB15	Chris Olave	185 	WR15	Juwan Johnson	101 	TE15
	Omarion Hampton	Los Angeles Chargers	RB	RB9	15.2 	242 	0 	0.0 	0.0 	1,214 	75.9 	9.0 	49.5 	3.1 	297 	18.6 	2.1 	0.728 	1.000 	0.910 	1 	0.638 	16 	16 	0 	9 	9 	0 	0.769 			Jordan Love	278 	QB16	Josh Jacobs	214 	RB16	Terry McLaurin	182 	WR16	T.J. Hockenson	101 	TE16
	A.J. Brown	New England Patriots	WR	WR7	13.9 	222 	0 	0.0 	0.0 	0 	0.0 	0.0 	96.1 	6.0 	1,240 	77.5 	8.3 	0.666 	1.000 	0.930 	1 	0.622 	17 	25 	8 	7 	9 	2 	0.765 			Baker Mayfield	276 	QB17	Kyren Williams	210 	RB17	Tee Higgins	181 	WR17	AJ Barner	100 	TE17
	Chase Brown	Cincinnati Bengals	RB	RB10	15.0 	240 	0 	0.0 	0.0 	977 	61.1 	6.8 	72.1 	4.5 	454 	28.4 	3.4 	0.721 	1.000 	0.900 	1 	0.624 	18 	19 	1 	10 	10 	0 	0.758 			Tyler Shough	275 	QB18	Jeremiyah Love	200 	RB18	DeVonta Smith	180 	WR18	Dalton Kincaid	95 	TE18
	George Pickens	Dallas Cowboys	WR	WR8	13.7 	219 	0 	0.0 	0.0 	0 	0.0 	0.0 	80.3 	5.0 	1,237 	77.3 	9.2 	0.658 	1.000 	0.920 	1 	0.604 	19 	26 	7 	8 	10 	2 	0.752 			Sam Darnold	275 	QB19	D'Andre Swift	196 	RB19	Zay Flowers	180 	WR19	Kenyon Sadiq	90 	TE19
	Derrick Henry	Baltimore Ravens	RB	RB11	14.9 	239 	0 	0.0 	0.0 	1,350 	84.4 	13.7 	11.2 	0.7 	112 	7.0 	0.9 	0.718 	1.000 	0.890 	1 	0.616 	20 	22 	2 	11 	12 	1 	0.749 			Bo Nix	275 	QB20	Cam Skattebo	188 	RB20	Emeka Egbuka	180 	WR20	Oronde Gadsden II	86 	TE20
	Josh Allen	Buffalo Bills	QB	QB1	20.8 	333 	3,283 	205.2 	23.8 	503 	31.5 	9.4 	0.0 	0.0 	0 	0.0 	0.0 	1.000 	0.500 	0.495 	2 	1.000 	21 	21 	0 	1 	1 	0 	0.748 			Matthew Stafford	273 	QB21	Quinshon Judkins	184 	RB21	Davante Adams	179 	WR21	Dalton Schultz	85 	TE21
	Trey McBride	Arizona Cardinals	TE	TE2	11.5 	184 	0 	0.0 	0.0 	0 	0.0 	0.0 	95.6 	6.0 	937 	58.6 	7.0 	0.551 	0.600 	0.586 	2 	0.954 	22 	15 	(7)	2 	1 	(1)	0.746 			C.J. Stroud	268 	QB22	Chuba Hubbard	184 	RB22	Mike Evans	178 	WR22	Brenton Strange	84 	TE22
	Nico Collins	Houston Texans	WR	WR9	13.7 	219 	0 	0.0 	0.0 	0 	0.0 	0.0 	82.5 	5.2 	1,295 	80.9 	8.0 	0.657 	1.000 	0.910 	1 	0.601 	23 	23 	0 	9 	8 	(1)	0.746 			Cam Ward	260 	QB23	Tony Pollard	181 	RB23	Carnell Tate	174 	WR23	Mike Gesicki	83 	TE23
	Saquon Barkley	Philadelphia Eagles	RB	RB12	14.9 	239 	0 	0.0 	0.0 	1,343 	83.9 	8.9 	33.4 	2.1 	247 	15.4 	1.6 	0.717 	1.000 	0.880 	1 	0.614 	24 	14 	(10)	12 	8 	(4)	0.744 			Daniel Jones	254 	QB24	Jadarian Price	180 	RB24	Ladd McConkey	173 	WR24	Dallas Goedert	82 	TE24
	Breece Hall	New York Jets	RB	RB13	14.6 	233 	0 	0.0 	0.0 	1,123 	70.2 	7.5 	43.4 	2.7 	421 	26.3 	2.0 	0.700 	1.000 	0.870 	1 	0.574 	25 	29 	4 	13 	14 	1 	0.720 			Bryce Young	253 	QB25	Bucky Irving	176 	RB25	Christian Watson	157 	WR25	Evan Engram	79 	TE25
	Drake London	Atlanta Falcons	WR	WR10	13.2 	211 	0 	0.0 	0.0 	0 	0.0 	0.0 	89.5 	5.6 	1,208 	75.5 	7.7 	0.634 	1.000 	0.900 	1 	0.550 	26 	18 	(8)	10 	7 	(3)	0.716 			Malik Willis	252 	QB26	RJ Harvey	174 	RB26	DJ Moore	157 	WR26	Cade Otton	70 	TE26
	Rashee Rice	Kansas City Chiefs	WR	WR11	13.1 	210 	0 	0.0 	0.0 	0 	0.0 	0.0 	100.7 	6.3 	1,088 	68.0 	8.5 	0.631 	1.000 	0.890 	1 	0.542 	27 	30 	3 	11 	13 	2 	0.707 			Shedeur Sanders	245 	QB27	David Montgomery	172 	RB27	Alec Pierce	157 	WR27	Isaiah Likely	66 	TE27
	Garrett Wilson	New York Jets	WR	WR12	13.0 	208 	0 	0.0 	0.0 	0 	0.0 	0.1 	101.1 	6.3 	1,112 	69.5 	7.6 	0.624 	1.000 	0.880 	1 	0.526 	28 	43 	15 	12 	19 	7 	0.695 			Aaron Rodgers	238 	QB28	Jaylen Warren	168 	RB28	Jaylen Waddle	156 	WR28	Colby Parkinson	66 	TE28
	Javonte Williams	Dallas Cowboys	RB	RB14	13.9 	222 	0 	0.0 	0.0 	871 	54.4 	8.0 	81.8 	5.1 	319 	19.9 	2.4 	0.668 	1.000 	0.860 	1 	0.502 	29 	33 	4 	14 	17 	3 	0.680 			Fernando Mendoza	238 	QB29	TreVeyon Henderson	160 	RB29	Jordyn Tyson	155 	WR29	Theo Johnson	66 	TE29
	Tetairoa McMillan	Carolina Panthers	WR	WR13	12.6 	201 	0 	0.0 	0.0 	0 	0.0 	0.0 	79.7 	5.0 	1,156 	72.3 	7.6 	0.603 	1.000 	0.870 	1 	0.478 	30 	40 	10 	13 	18 	5 	0.667 			Jacoby Brissett	236 	QB30	Bhayshul Tuten	158 	RB30	Luther Burden III	155 	WR30	Pat Freiermuth	64 	TE30
	Travis Etienne Jr.	New Orleans Saints	RB	RB15	13.6 	217 	0 	0.0 	0.0 	902 	56.4 	6.3 	52.9 	3.3 	428 	26.8 	3.3 	0.652 	1.000 	0.850 	1 	0.467 	31 	32 	1 	15 	16 	1 	0.658 			Geno Smith	225 	QB31	Rico Dowdle	156 	RB31	Rome Odunze	153 	WR31	Greg Dulcich	62 	TE31
	Colston Loveland	Chicago Bears	TE	TE3	10.4 	167 	0 	0.0 	0.0 	0 	0.0 	0.0 	74.5 	4.7 	917 	57.3 	6.3 	0.500 	0.600 	0.578 	2 	0.780 	32 	35 	3 	3 	3 	0 	0.657 			Michael Penix Jr.	221 	QB32	Rhamondre Stevenson	149 	RB32	Brian Thomas Jr.	152 	WR32	Tommy Tremble	58 	TE32
	Josh Jacobs	Green Bay Packers	RB	RB16	13.4 	214 	0 	0.0 	0.0 	1,036 	64.7 	10.2 	33.1 	2.1 	258 	16.1 	1.2 	0.643 	1.000 	0.840 	1 	0.446 	33 	36 	3 	16 	18 	2 	0.643 				-	-	Kenneth Gainwell	139 	RB33	DK Metcalf	151 	WR33	David Njoku	46 	TE33
	Malik Nabers	New York Giants	WR	WR14	12.0 	193 	0 	0.0 	0.0 	0 	0.0 	0.0 	73.2 	4.6 	1,105 	69.1 	7.6 	0.578 	1.000 	0.860 	1 	0.421 	34 	28 	(6)	14 	12 	(2)	0.634 				-	-	Aaron Jones Sr.	132 	RB34	Parker Washington	151 	WR34	Jake Tonges	46 	TE34
	Kyren Williams	Los Angeles Rams	RB	RB17	13.1 	210 	0 	0.0 	0.0 	1,032 	64.5 	8.7 	33.6 	2.1 	262 	16.4 	1.9 	0.629 	1.000 	0.830 	1 	0.414 	35 	31 	(4)	17 	15 	(2)	0.623 				-	-	Rachaad White	126 	RB35	Quentin Johnston	150 	WR35	Eli Stowers	45 	TE35
	Chris Olave	New Orleans Saints	WR	WR15	11.6 	185 	0 	0.0 	0.0 	0 	0.0 	0.0 	83.1 	5.2 	964 	60.2 	7.9 	0.556 	1.000 	0.850 	1 	0.369 	36 	27 	(9)	15 	11 	(4)	0.604 				-	-	Jacory Croskey-Merritt	119 	RB36	Jameson Williams	150 	WR36	Terrance Ferguson	34 	TE36
	Tyler Warren	Indianapolis Colts	TE	TE4	9.7 	155 	0 	0.0 	0.0 	18 	1.2 	0.5 	72.9 	4.6 	788 	49.2 	5.9 	0.467 	0.600 	0.568 	2 	0.667 	37 	50 	13 	4 	4 	0 	0.598 				-	-	J.K. Dobbins	114 	RB37	Courtland Sutton	142 	WR37	Elijah Arroyo	33 	TE37
	Terry McLaurin	Washington Commanders	WR	WR16	11.4 	182 	0 	0.0 	0.0 	0 	0.0 	0.0 	70.5 	4.4 	1,078 	67.4 	6.5 	0.547 	1.000 	0.840 	1 	0.348 	38 	54 	16 	16 	24 	8 	0.589 				-	-	Blake Corum	110 	RB38	Marvin Harrison Jr.	140 	WR38	Dawson Knox	29 	TE38
	Jeremiyah Love	Arizona Cardinals	RB	RB18	12.5 	200 	0 	0.0 	0.0 	891 	55.7 	5.8 	43.1 	2.7 	388 	24.2 	2.6 	0.601 	1.000 	0.820 	1 	0.350 	39 	24 	(15)	18 	13 	(5)	0.586 				-	-	Kyle Monangai	109 	RB39	Wan'Dale Robinson	139 	WR39	Cole Kmet	22 	TE39
	Tee Higgins	Cincinnati Bengals	WR	WR17	11.3 	181 	0 	0.0 	0.0 	0 	0.0 	0.0 	69.3 	4.3 	991 	61.9 	7.9 	0.543 	1.000 	0.830 	1 	0.340 	40 	37 	(3)	17 	15 	(2)	0.581 				-	-	Jordan Mason	108 	RB40	Jakobi Meyers	139 	WR40	Mason Taylor	22 	TE40
	Lamar Jackson	Baltimore Ravens	QB	QB2	19.3 	309 	2,810 	175.6 	21.6 	783 	48.9 	5.4 	0.0 	0.0 	0 	0.0 	0.0 	0.928 	0.500 	0.489 	1 	0.594 	41 	42 	1 	2 	2 	0 	0.575 				-	-	Jonathon Brooks	106 	RB41	Michael Pittman Jr.	138 	WR41		-	-
	DeVonta Smith	Philadelphia Eagles	WR	WR18	11.3 	180 	0 	0.0 	0.0 	0 	0.0 	0.0 	77.8 	4.9 	1,020 	63.7 	6.6 	0.542 	1.000 	0.820 	1 	0.336 	42 	34 	(8)	18 	14 	(4)	0.574 				-	-	Woody Marks	91 	RB42	Makai Lemon	138 	WR42		-	-
	D'Andre Swift	Chicago Bears	RB	RB19	12.3 	196 	0 	0.0 	0.0 	917 	57.3 	9.2 	27.0 	1.7 	238 	14.9 	2.0 	0.589 	1.000 	0.810 	1 	0.323 	43 	60 	17 	19 	25 	6 	0.569 				-	-	Dylan Sampson	75 	RB43	Jordan Addison	136 	WR43		-	-
	Zay Flowers	Baltimore Ravens	WR	WR19	11.2 	180 	0 	0.0 	0.0 	54 	3.4 	0.0 	71.7 	4.5 	1,011 	63.2 	6.3 	0.540 	1.000 	0.810 	1 	0.332 	44 	39 	(5)	19 	17 	(2)	0.568 				-	-	Isiah Pacheco	69 	RB44	Ricky Pearsall	132 	WR44		-	-
	Emeka Egbuka	Tampa Bay Buccaneers	WR	WR20	11.2 	180 	0 	0.0 	0.0 	0 	0.0 	0.0 	66.9 	4.2 	997 	62.3 	7.7 	0.539 	1.000 	0.800 	1 	0.329 	45 	38 	(7)	20 	16 	(4)	0.562 				-	-	Chris Rodriguez Jr.	68 	RB45	Josh Downs	131 	WR45		-	-
	Joe Burrow	Cincinnati Bengals	QB	QB3	19.2 	308 	4,129 	258.0 	34.3 	41 	2.6 	0.2 	0.0 	0.0 	0 	0.0 	0.0 	0.923 	0.500 	0.483 	1 	0.565 	46 	48 	2 	3 	3 	0 	0.560 				-	-	Zach Charbonnet	68 	RB46	KC Concepcion	128 	WR46		-	-
	Davante Adams	Los Angeles Rams	WR	WR21	11.2 	179 	0 	0.0 	0.0 	0 	0.0 	0.0 	68.0 	4.3 	898 	56.1 	9.3 	0.538 	1.000 	0.790 	1 	0.328 	47 	53 	6 	21 	23 	2 	0.557 				-	-	Tyrone Tracy Jr.	68 	RB47	Jerry Jeudy	122 	WR47		-	-
	Harold Fannin Jr.	Cleveland Browns	TE	TE5	9.2 	148 	0 	0.0 	0.0 	0 	0.0 	0.0 	71.3 	4.5 	727 	45.4 	6.5 	0.443 	0.600 	0.559 	1 	0.587 	48 	66 	18 	5 	5 	0 	0.554 				-	-	Kimani Vidal	65 	RB48	Michael Wilson	119 	WR48		-	-
	Mike Evans	San Francisco 49ers	WR	WR22	11.1 	178 	0 	0.0 	0.0 	0 	0.0 	0.0 	75.2 	4.7 	925 	57.8 	8.0 	0.534 	1.000 	0.780 	1 	0.319 	49 	55 	6 	22 	25 	3 	0.548 				-	-	Tyler Allgeier	61 	RB49	Xavier Worthy	115 	WR49		-	-
	Cam Skattebo	New York Giants	RB	RB20	11.8 	188 	0 	0.0 	0.0 	910 	56.9 	8.7 	25.7 	1.6 	221 	13.8 	1.6 	0.565 	1.000 	0.800 	1 	0.269 	50 	41 	(9)	20 	19 	(1)	0.538 				-	-	Brian Robinson Jr.	60 	RB50	Romeo Doubs	115 	WR50		-	-
	Carnell Tate	Tennessee Titans	WR	WR23	10.9 	174 	0 	0.0 	0.0 	0 	0.0 	0.0 	76.0 	4.8 	928 	58.0 	7.1 	0.521 	1.000 	0.770 	1 	0.289 	51 	68 	17 	23 	30 	7 	0.528 				-	-	Alvin Kamara	58 	RB51	Chris Godwin Jr.	114 	WR51		-	-
	Tucker Kraft	Green Bay Packers	TE	TE6	8.9 	142 	0 	0.0 	0.0 	0 	0.0 	0.0 	52.5 	3.3 	803 	50.2 	6.0 	0.427 	0.600 	0.548 	1 	0.532 	52 	73 	21 	6 	6 	0 	0.523 				-	-	Emmett Johnson	53 	RB52	Tre Tucker	113 	WR52		-	-
	Ladd McConkey	Los Angeles Chargers	WR	WR24	10.8 	173 	0 	0.0 	0.0 	0 	0.0 	0.0 	77.0 	4.8 	924 	57.8 	7.0 	0.518 	1.000 	0.760 	1 	0.282 	53 	45 	(8)	24 	21 	(3)	0.521 				-	-	Justice Hill	53 	RB53	Jayden Higgins	113 	WR53		-	-
	Quinshon Judkins	Cleveland Browns	RB	RB21	11.5 	184 	0 	0.0 	0.0 	995 	62.2 	7.5 	30.0 	1.9 	198 	12.4 	0.8 	0.553 	1.000 	0.790 	0 	0.241 	54 	46 	(8)	21 	20 	(1)	0.519 				-	-	Nicholas Singleton	51 	RB54	Jalen Coker	110 	WR54		-	-
	Chuba Hubbard	Carolina Panthers	RB	RB22	11.5 	184 	0 	0.0 	0.0 	994 	62.1 	6.2 	30.4 	1.9 	225 	14.0 	1.6 	0.551 	1.000 	0.780 	0 	0.238 	55 	71 	16 	22 	27 	5 	0.513 				-	-	Tank Bigsby	51 	RB55	Rashid Shaheed	107 	WR55		-	-
	Tony Pollard	Tennessee Titans	RB	RB23	11.3 	181 	0 	0.0 	0.0 	1,002 	62.6 	7.6 	27.7 	1.7 	172 	10.7 	0.7 	0.544 	1.000 	0.770 	0 	0.222 	56 	85 	29 	23 	31 	8 	0.501 				-	-	Mike Washington Jr.	49 	RB56	Khalil Shakir	105 	WR56		-	-
	Jalen Hurts	Philadelphia Eagles	QB	QB4	18.7 	299 	3,090 	193.1 	22.8 	470 	29.4 	6.3 	0.0 	0.0 	0 	0.0 	0.0 	0.898 	0.500 	0.477 	1 	0.423 	57 	65 	8 	4 	7 	3 	0.497 				-	-	Ollie Gordon II	49 	RB57	Jayden Reed	102 	WR57		-	-
	Jadarian Price	Seattle Seahawks	RB	RB24	11.3 	180 	0 	0.0 	0.0 	920 	57.5 	6.9 	25.0 	1.6 	225 	14.1 	2.0 	0.540 	1.000 	0.760 	0 	0.213 	58 	56 	(2)	24 	24 	0 	0.492 				-	-	Jaydon Blue	47 	RB58	Omar Cooper Jr.	99 	WR58		-	-
	Jayden Daniels	Washington Commanders	QB	QB5	18.6 	298 	3,267 	204.2 	21.8 	581 	36.3 	3.7 	0.0 	0.0 	0 	0.0 	0.0 	0.895 	0.500 	0.471 	1 	0.406 	59 	61 	2 	5 	5 	0 	0.487 				-	-	Braelon Allen	45 	RB59	Matthew Golden	95 	WR59		-	-
	Dak Prescott	Dallas Cowboys	QB	QB6	18.6 	297 	3,990 	249.3 	29.8 	118 	7.4 	1.1 	0.0 	0.0 	0 	0.0 	0.0 	0.892 	0.500 	0.464 	1 	0.387 	60 	70 	10 	6 	8 	2 	0.476 				-	-	Adam Randall	42 	RB60	Jack Bech	89 	WR60		-	-
	Bucky Irving	Tampa Bay Buccaneers	RB	RB25	11.0 	176 	0 	0.0 	0.0 	934 	58.4 	5.9 	24.5 	1.5 	225 	14.1 	2.0 	0.528 	1.000 	0.750 	0 	0.184 	61 	52 	(9)	25 	23 	(2)	0.473 				-	-	Samaje Perine	42 	RB61	Malik Washington	88 	WR61		-	-
	Christian Watson	Green Bay Packers	WR	WR25	9.8 	157 	0 	0.0 	0.0 	0 	0.0 	0.0 	51.5 	3.2 	901 	56.3 	6.9 	0.472 	1.000 	0.750 	0 	0.176 	62 	69 	7 	25 	31 	6 	0.464 				-	-		-	-	Antonio Williams	84 	WR62		-	-
	RJ Harvey	Denver Broncos	RB	RB26	10.8 	174 	0 	0.0 	0.0 	581 	36.3 	5.3 	50.3 	3.1 	382 	23.9 	3.3 	0.521 	1.000 	0.740 	0 	0.169 	63 	76 	13 	26 	29 	3 	0.461 				-	-		-	-	Chris Bell	79 	WR63		-	-
	Trevor Lawrence	Jacksonville Jaguars	QB	QB7	18.5 	295 	3,631 	226.9 	25.6 	294 	18.4 	3.0 	0.0 	0.0 	0 	0.0 	0.0 	0.886 	0.500 	0.457 	1 	0.357 	64 	81 	17 	7 	9 	2 	0.460 				-	-		-	-	Calvin Ridley	79 	WR64		-	-
	DJ Moore	Buffalo Bills	WR	WR26	9.8 	157 	0 	0.0 	0.0 	0 	0.0 	0.0 	65.2 	4.1 	887 	55.4 	6.0 	0.471 	1.000 	0.740 	0 	0.174 	65 	44 	(21)	26 	20 	(6)	0.458 				-	-		-	-	Keon Coleman	75 	WR65		-	-
	Drake Maye	New England Patriots	QB	QB8	18.4 	295 	3,648 	228.0 	25.1 	344 	21.5 	2.4 	0.0 	0.0 	0 	0.0 	0.0 	0.885 	0.500 	0.451 	1 	0.351 	66 	58 	(8)	8 	4 	(4)	0.454 				-	-		-	-	Jauan Jennings	73 	WR66		-	-
	Alec Pierce	Indianapolis Colts	WR	WR27	9.8 	157 	0 	0.0 	0.0 	0 	0.0 	0.0 	48.2 	3.0 	1,027 	64.2 	5.0 	0.471 	1.000 	0.730 	0 	0.173 	67 	77 	10 	27 	34 	7 	0.453 				-	-		-	-	Denzel Boston	70 	WR67		-	-
	David Montgomery	Houston Texans	RB	RB27	10.8 	172 	0 	0.0 	0.0 	873 	54.5 	8.8 	22.5 	1.4 	180 	11.2 	0.5 	0.517 	1.000 	0.730 	0 	0.159 	68 	49 	(19)	27 	21 	(6)	0.452 				-	-		-	-	Jalen McMillan	65 	WR68		-	-
	Jaylen Waddle	Denver Broncos	WR	WR28	9.8 	156 	0 	0.0 	0.0 	0 	0.0 	0.0 	61.1 	3.8 	868 	54.3 	6.5 	0.469 	1.000 	0.720 	0 	0.168 	69 	59 	(10)	28 	27 	(1)	0.446 				-	-		-	-	Rashod Bateman	63 	WR69		-	-
	Kyle Pitts Sr.	Atlanta Falcons	TE	TE7	7.9 	127 	0 	0.0 	0.0 	0 	0.0 	0.0 	64.9 	4.1 	681 	42.6 	4.4 	0.382 	0.600 	0.538 	1 	0.378 	70 	80 	10 	7 	8 	1 	0.443 				-	-		-	-	Malachi Fields	54 	WR70		-	-
	Jordyn Tyson	New Orleans Saints	WR	WR29	9.7 	155 	0 	0.0 	0.0 	0 	0.0 	0.0 	69.6 	4.3 	821 	51.3 	6.4 	0.465 	1.000 	0.710 	0 	0.160 	71 	75 	4 	29 	33 	4 	0.438 				-	-		-	-	Troy Franklin	54 	WR71		-	-
	Luther Burden III	Chicago Bears	WR	WR30	9.7 	155 	0 	0.0 	0.0 	20 	1.2 	0.0 	61.1 	3.8 	849 	53.0 	6.3 	0.465 	1.000 	0.700 	0 	0.160 	72 	47 	(25)	30 	22 	(8)	0.433 				-	-		-	-	Jaylin Lane	50 	WR72		-	-
	Jaylen Warren	Pittsburgh Steelers	RB	RB28	10.5 	168 	0 	0.0 	0.0 	699 	43.7 	5.5 	40.1 	2.5 	333 	20.8 	1.9 	0.504 	1.000 	0.720 	0 	0.130 	73 	82 	9 	28 	30 	2 	0.433 				-	-		-	-	Darnell Mooney	48 	WR73		-	-
	Brock Purdy	San Francisco 49ers	QB	QB9	18.3 	292 	3,844 	240.2 	29.2 	110 	6.9 	1.8 	0.0 	0.0 	0 	0.0 	0.0 	0.878 	0.500 	0.444 	1 	0.307 	74 	95 	21 	9 	14 	5 	0.433 				-	-		-	-	Andrei Iosivas	46 	WR74		-	-
	Rome Odunze	Chicago Bears	WR	WR31	9.5 	153 	0 	0.0 	0.0 	20 	1.2 	0.0 	58.8 	3.7 	883 	55.2 	5.5 	0.458 	1.000 	0.690 	0 	0.144 	75 	62 	(13)	31 	28 	(3)	0.421 				-	-		-	-	Tory Horton	40 	WR75		-	-
	Sam LaPorta	Detroit Lions	TE	TE8	7.7 	123 	0 	0.0 	0.0 	0 	0.0 	0.0 	51.4 	3.2 	627 	39.2 	5.7 	0.369 	0.600 	0.527 	1 	0.334 	76 	78 	2 	8 	7 	(1)	0.416 				-	-		-	-	Kayshon Boutte	37 	WR76		-	-
	Brian Thomas Jr.	Jacksonville Jaguars	WR	WR32	9.5 	152 	0 	0.0 	0.0 	16 	1.0 	0.0 	59.3 	3.7 	871 	54.5 	5.6 	0.457 	1.000 	0.680 	0 	0.141 	77 	67 	(10)	32 	29 	(3)	0.415 				-	-		-	-	Isaac TeSlaa	37 	WR77		-	-
	DK Metcalf	Pittsburgh Steelers	WR	WR33	9.4 	151 	0 	0.0 	0.0 	0 	0.0 	0.0 	57.7 	3.6 	832 	52.0 	6.4 	0.452 	1.000 	0.670 	0 	0.130 	78 	84 	6 	33 	36 	3 	0.405 				-	-		-	-	Olamide Zaccheaus	36 	WR78		-	-
	TreVeyon Henderson	New England Patriots	RB	RB29	10.0 	160 	0 	0.0 	0.0 	655 	41.0 	5.6 	40.5 	2.5 	255 	16.0 	2.5 	0.480 	1.000 	0.710 	0 	0.077 	79 	51 	(28)	29 	22 	(7)	0.402 				-	-		-	-	Ja'Kobi Lane	35 	WR79		-	-
	Parker Washington	Jacksonville Jaguars	WR	WR34	9.4 	151 	0 	0.0 	0.0 	0 	0.0 	0.0 	57.2 	3.6 	835 	52.2 	6.4 	0.452 	1.000 	0.660 	0 	0.129 	80 	79 	(1)	34 	35 	1 	0.400 				-	-		-	-	Jordan Whittington	34 	WR80		-	-
	Patrick Mahomes II	Kansas City Chiefs	QB	QB10	18.0 	288 	3,354 	209.6 	25.6 	355 	22.2 	2.7 	0.0 	0.0 	0 	0.0 	0.0 	0.864 	0.500 	0.437 	1 	0.233 	81 	92 	11 	10 	13 	3 	0.398 				-	-		-	-	Devaughn Vele	32 	WR81		-	-
	Quentin Johnston	Los Angeles Chargers	WR	WR35	9.4 	150 	0 	0.0 	0.0 	0 	0.0 	0.0 	52.7 	3.3 	759 	47.4 	8.0 	0.452 	1.000 	0.650 	0 	0.128 	82 	110 	28 	35 	47 	12 	0.395 				-	-		-	-	Jahan Dotson	31 	WR82		-	-
	Jaxson Dart	New York Giants	QB	QB11	18.0 	288 	3,306 	206.6 	21.5 	446 	27.8 	4.2 	0.0 	0.0 	0 	0.0 	0.0 	0.864 	0.500 	0.430 	1 	0.233 	83 	87 	4 	11 	11 	0 	0.395 				-	-		-	-	Kendrick Bourne	18 	WR83		-	-
	Bhayshul Tuten	Jacksonville Jaguars	RB	RB30	9.9 	158 	0 	0.0 	0.0 	881 	55.1 	5.9 	23.0 	1.4 	182 	11.3 	0.8 	0.474 	1.000 	0.700 	0 	0.063 	84 	63 	(21)	30 	26 	(4)	0.391 				-	-		-	-		-	-		-	-
	Jameson Williams	Detroit Lions	WR	WR36	9.3 	150 	0 	0.0 	0.0 	16 	1.0 	0.1 	52.4 	3.3 	902 	56.4 	5.1 	0.449 	1.000 	0.640 	0 	0.122 	85 	57 	(28)	36 	26 	(10)	0.388 				-	-		-	-		-	-		-	-
	Justin Herbert	Los Angeles Chargers	QB	QB12	17.9 	287 	3,300 	206.3 	26.8 	344 	21.5 	2.2 	0.0 	0.0 	0 	0.0 	0.0 	0.861 	0.500 	0.423 	0 	0.212 	86 	83 	(3)	12 	10 	(2)	0.382 				-	-		-	-		-	-		-	-
	Rico Dowdle	Pittsburgh Steelers	RB	RB31	9.8 	156 	0 	0.0 	0.0 	896 	56.0 	6.0 	21.9 	1.4 	166 	10.4 	0.5 	0.469 	1.000 	0.690 	0 	0.051 	87 	88 	1 	31 	32 	1 	0.380 				-	-		-	-		-	-		-	-
	George Kittle	San Francisco 49ers	TE	TE9	7.2 	115 	0 	0.0 	0.0 	0 	0.0 	0.0 	53.2 	3.3 	585 	36.6 	4.9 	0.344 	0.600 	0.516 	1 	0.249 	88 	96 	8 	9 	9 	0 	0.370 				-	-		-	-		-	-		-	-
	Caleb Williams	Chicago Bears	QB	QB13	17.8 	285 	3,395 	212.2 	25.1 	359 	22.4 	2.2 	0.0 	0.0 	0 	0.0 	0.0 	0.855 	0.500 	0.416 	0 	0.182 	89 	64 	(25)	13 	6 	(7)	0.366 				-	-		-	-		-	-		-	-
	Courtland Sutton	Denver Broncos	WR	WR37	8.9 	142 	0 	0.0 	0.0 	0 	0.0 	0.0 	58.3 	3.6 	799 	49.9 	5.5 	0.426 	1.000 	0.630 	0 	0.070 	90 	86 	(4)	37 	37 	0 	0.358 				-	-		-	-		-	-		-	-
	Rhamondre Stevenson	New England Patriots	RB	RB32	9.3 	149 	0 	0.0 	0.0 	524 	32.8 	5.9 	30.4 	1.9 	328 	20.5 	2.3 	0.449 	1.000 	0.680 	0 	0.005 	91 	74 	(17)	32 	28 	(4)	0.353 				-	-		-	-		-	-		-	-
	Travis Kelce	Kansas City Chiefs	TE	TE10	6.9 	111 	0 	0.0 	0.0 	0 	0.0 	0.0 	50.6 	3.2 	566 	35.4 	4.9 	0.334 	0.600 	0.505 	0 	0.215 	92 	103 	11 	10 	10 	0 	0.349 				-	-		-	-		-	-		-	-
	Marvin Harrison Jr.	Arizona Cardinals	WR	WR38	8.7 	140 	0 	0.0 	0.0 	0 	0.0 	0.0 	54.6 	3.4 	808 	50.5 	5.3 	0.419 	1.000 	0.620 	0 	0.053 	93 	72 	(21)	38 	32 	(6)	0.345 				-	-		-	-		-	-		-	-
	Kenneth Gainwell	Tampa Bay Buccaneers	RB	RB33	8.7 	139 	0 	0.0 	0.0 	497 	31.1 	3.0 	49.6 	3.1 	332 	20.8 	2.3 	0.418 	1.000 	0.670 	(0)	0.000 	94 	105 	11 	33 	36 	3 	0.343 				-	-		-	-		-	-		-	-
	Chig Okonkwo	Washington Commanders	TE	TE11	6.9 	111 	0 	0.0 	0.0 	0 	0.0 	0.0 	55.5 	3.5 	555 	34.7 	4.6 	0.332 	0.600 	0.493 	0 	0.210 	95 	142 	47 	11 	19 	8 	0.342 				-	-		-	-		-	-		-	-
	Wan'Dale Robinson	Tennessee Titans	WR	WR39	8.7 	139 	0 	0.0 	0.0 	0 	0.0 	0.0 	65.6 	4.1 	721 	45.1 	5.7 	0.418 	1.000 	0.610 	0 	0.051 	96 	107 	11 	39 	45 	6 	0.339 				-	-		-	-		-	-		-	-
	Aaron Jones Sr.	Minnesota Vikings	RB	RB34	8.3 	132 	0 	0.0 	0.0 	635 	39.7 	4.9 	28.9 	1.8 	205 	12.8 	0.7 	0.397 	1.000 	0.660 	(0)	0.000 	97 	124 	27 	34 	40 	6 	0.337 				-	-		-	-		-	-		-	-
	Jakobi Meyers	Jacksonville Jaguars	WR	WR40	8.7 	139 	0 	0.0 	0.0 	0 	0.0 	0.0 	66.3 	4.1 	762 	47.7 	4.9 	0.416 	1.000 	0.600 	0 	0.047 	98 	104 	6 	40 	43 	3 	0.333 				-	-		-	-		-	-		-	-
	Rachaad White	Washington Commanders	RB	RB35	7.9 	126 	0 	0.0 	0.0 	501 	31.3 	5.2 	35.6 	2.2 	196 	12.3 	1.3 	0.379 	1.000 	0.650 	(0)	0.000 	99 	121 	22 	35 	38 	3 	0.330 				-	-		-	-		-	-		-	-
	Jake Ferguson	Dallas Cowboys	TE	TE12	6.8 	109 	0 	0.0 	0.0 	0 	0.0 	0.0 	65.6 	4.1 	479 	29.9 	4.8 	0.328 	0.600 	0.482 	0 	0.196 	100 	114 	14 	12 	13 	1 	0.330 				-	-		-	-		-	-		-	-
	Michael Pittman Jr.	Pittsburgh Steelers	WR	WR41	8.7 	138 	0 	0.0 	0.0 	0 	0.0 	0.0 	71.3 	4.5 	699 	43.7 	5.5 	0.415 	1.000 	0.590 	0 	0.045 	101 	106 	5 	41 	44 	3 	0.327 				-	-		-	-		-	-		-	-
	Kyler Murray	Minnesota Vikings	QB	QB14	17.5 	280 	3,421 	213.8 	24.3 	353 	22.0 	1.8 	0.0 	0.0 	0 	0.0 	0.0 	0.840 	0.500 	0.409 	0 	0.097 	102 	108 	6 	14 	17 	3 	0.327 				-	-		-	-		-	-		-	-
	Mark Andrews	Baltimore Ravens	TE	TE13	6.8 	109 	0 	0.0 	0.0 	0 	0.0 	0.0 	57.5 	3.6 	506 	31.6 	5.0 	0.327 	0.600 	0.470 	0 	0.194 	103 	122 	19 	13 	15 	2 	0.324 				-	-		-	-		-	-		-	-
	Jacory Croskey-Merritt	Washington Commanders	RB	RB36	7.4 	119 	0 	0.0 	0.0 	661 	41.3 	6.8 	8.6 	0.5 	65 	4.1 	0.2 	0.357 	1.000 	0.640 	(0)	0.000 	104 	128 	24 	36 	41 	5 	0.324 				-	-		-	-		-	-		-	-
	Jared Goff	Detroit Lions	QB	QB15	17.5 	280 	3,922 	245.1 	30.1 	16 	1.0 	0.1 	0.0 	0.0 	0 	0.0 	0.0 	0.840 	0.500 	0.402 	0 	0.094 	105 	101 	(4)	15 	16 	1 	0.322 				-	-		-	-		-	-		-	-
	Makai Lemon	Philadelphia Eagles	WR	WR42	8.6 	138 	0 	0.0 	0.0 	0 	0.0 	0.0 	62.3 	3.9 	742 	46.3 	5.5 	0.414 	1.000 	0.580 	0 	0.043 	106 	91 	(15)	42 	38 	(4)	0.322 				-	-		-	-		-	-		-	-
	J.K. Dobbins	Denver Broncos	RB	RB37	7.1 	114 	0 	0.0 	0.0 	616 	38.5 	5.6 	20.4 	1.3 	69 	4.3 	0.2 	0.342 	1.000 	0.630 	(0)	0.000 	107 	98 	(9)	37 	35 	(2)	0.318 				-	-		-	-		-	-		-	-
	Blake Corum	Los Angeles Rams	RB	RB38	6.9 	110 	0 	0.0 	0.0 	682 	42.6 	5.4 	8.3 	0.5 	37 	2.3 	0.3 	0.331 	1.000 	0.620 	(0)	0.000 	108 	97 	(11)	38 	34 	(4)	0.312 				-	-		-	-		-	-		-	-
	Jordan Addison	Minnesota Vikings	WR	WR43	8.5 	136 	0 	0.0 	0.0 	18 	1.1 	0.0 	54.2 	3.4 	753 	47.0 	5.3 	0.409 	1.000 	0.570 	0 	0.030 	109 	102 	(7)	43 	42 	(1)	0.311 				-	-		-	-		-	-		-	-
	Kyle Monangai	Chicago Bears	RB	RB39	6.8 	109 	0 	0.0 	0.0 	638 	39.9 	4.3 	7.5 	0.5 	68 	4.2 	1.5 	0.328 	1.000 	0.610 	(1)	0.000 	110 	89 	(21)	39 	33 	(6)	0.307 				-	-		-	-		-	-		-	-
	Jordan Love	Green Bay Packers	QB	QB16	17.3 	278 	3,511 	219.4 	26.1 	224 	14.0 	1.7 	0.0 	0.0 	0 	0.0 	0.0 	0.833 	0.500 	0.394 	0 	0.055 	111 	115 	4 	16 	18 	2 	0.302 				-	-		-	-		-	-		-	-
	Jordan Mason	Minnesota Vikings	RB	RB40	6.7 	108 	0 	0.0 	0.0 	582 	36.4 	5.7 	13.7 	0.9 	68 	4.3 	0.2 	0.323 	1.000 	0.600 	(1)	0.000 	112 	118 	6 	40 	37 	(3)	0.302 				-	-		-	-		-	-		-	-
	Jonathon Brooks	Carolina Panthers	RB	RB41	6.6 	106 	0 	0.0 	0.0 	452 	28.2 	3.3 	24.1 	1.5 	193 	12.0 	1.6 	0.318 	1.000 	0.590 	(1)	0.000 	113 	123 	10 	41 	39 	(2)	0.297 				-	-		-	-		-	-		-	-
	Ricky Pearsall	San Francisco 49ers	WR	WR44	8.3 	132 	0 	0.0 	0.0 	0 	0.0 	0.0 	49.3 	3.1 	724 	45.3 	5.8 	0.396 	1.000 	0.560 	0 	0.001 	114 	109 	(5)	44 	46 	2 	0.292 				-	-		-	-		-	-		-	-
	Hunter Henry	New England Patriots	TE	TE14	6.5 	103 	0 	0.0 	0.0 	0 	0.0 	0.0 	42.7 	2.7 	547 	34.2 	4.5 	0.310 	0.600 	0.458 	0 	0.134 	115 	146 	31 	14 	21 	7 	0.290 				-	-		-	-		-	-		-	-
	Baker Mayfield	Tampa Bay Buccaneers	QB	QB17	17.3 	276 	3,317 	207.3 	25.7 	298 	18.6 	1.8 	0.0 	0.0 	0 	0.0 	0.0 	0.829 	0.500 	0.387 	0 	0.031 	116 	116 	0 	17 	19 	2 	0.289 				-	-		-	-		-	-		-	-
	Woody Marks	Houston Texans	RB	RB42	5.7 	91 	0 	0.0 	0.0 	356 	22.2 	2.6 	24.8 	1.6 	216 	13.5 	1.0 	0.273 	1.000 	0.580 	(1)	0.000 	117 	139 	22 	42 	44 	2 	0.288 				-	-		-	-		-	-		-	-
	Josh Downs	Indianapolis Colts	WR	WR45	8.2 	131 	0 	0.0 	0.0 	0 	0.0 	0.0 	66.4 	4.1 	651 	40.7 	5.4 	0.393 	1.000 	0.550 	(0)	0.000 	118 	113 	(5)	45 	48 	3 	0.287 				-	-		-	-		-	-		-	-
	KC Concepcion	Cleveland Browns	WR	WR46	8.0 	128 	0 	0.0 	0.0 	0 	0.0 	0.0 	58.6 	3.7 	727 	45.4 	4.3 	0.384 	1.000 	0.540 	(0)	0.000 	119 	127 	8 	46 	52 	6 	0.281 				-	-		-	-		-	-		-	-
	Dylan Sampson	Cleveland Browns	RB	RB43	4.7 	75 	0 	0.0 	0.0 	218 	13.6 	1.6 	28.2 	1.8 	231 	14.5 	1.0 	0.225 	1.000 	0.570 	(1)	0.000 	120 	162 	42 	43 	53 	10 	0.279 				-	-		-	-		-	-		-	-
	Tyler Shough	New Orleans Saints	QB	QB18	17.2 	275 	3,569 	223.1 	25.5 	199 	12.4 	1.7 	0.0 	0.0 	0 	0.0 	0.0 	0.825 	0.500 	0.380 	0 	0.013 	121 	117 	(4)	18 	20 	2 	0.278 				-	-		-	-		-	-		-	-
	Jerry Jeudy	Cleveland Browns	WR	WR47	7.6 	122 	0 	0.0 	0.0 	0 	0.0 	0.0 	57.8 	3.6 	694 	43.4 	3.9 	0.365 	1.000 	0.530 	(0)	0.000 	122 	174 	52 	47 	66 	19 	0.275 				-	-		-	-		-	-		-	-
	Juwan Johnson	New Orleans Saints	TE	TE15	6.3 	101 	0 	0.0 	0.0 	0 	0.0 	0.0 	46.6 	2.9 	535 	33.5 	4.1 	0.304 	0.600 	0.445 	0 	0.114 	123 	137 	14 	15 	18 	3 	0.275 				-	-		-	-		-	-		-	-
	Isiah Pacheco	Detroit Lions	RB	RB44	4.3 	69 	0 	0.0 	0.0 	352 	22.0 	3.7 	7.4 	0.5 	39 	2.5 	0.6 	0.206 	1.000 	0.560 	(1)	0.000 	124 	141 	17 	44 	45 	1 	0.273 				-	-		-	-		-	-		-	-
	Sam Darnold	Seattle Seahawks	QB	QB19	17.2 	275 	3,734 	233.4 	27.9 	86 	5.3 	0.9 	0.0 	0.0 	0 	0.0 	0.0 	0.825 	0.500 	0.372 	0 	0.009 	125 	133 	8 	19 	22 	3 	0.272 				-	-		-	-		-	-		-	-
	Michael Wilson	Arizona Cardinals	WR	WR48	7.4 	119 	0 	0.0 	0.0 	0 	0.0 	0.0 	50.1 	3.1 	646 	40.4 	4.8 	0.356 	1.000 	0.520 	(0)	0.000 	126 	93 	(33)	48 	39 	(9)	0.270 				-	-		-	-		-	-		-	-
	Chris Rodriguez Jr.	Jacksonville Jaguars	RB	RB45	4.2 	68 	0 	0.0 	0.0 	359 	22.4 	4.4 	3.6 	0.2 	36 	2.3 	0.0 	0.204 	1.000 	0.550 	(1)	0.000 	127 	129 	2 	45 	42 	(3)	0.268 				-	-		-	-		-	-		-	-
	Bo Nix	Denver Broncos	QB	QB20	17.2 	275 	3,472 	217.0 	23.9 	291 	18.2 	1.8 	0.0 	0.0 	0 	0.0 	0.0 	0.824 	0.500 	0.365 	0 	0.005 	128 	99 	(29)	20 	15 	(5)	0.267 				-	-		-	-		-	-		-	-
	T.J. Hockenson	Minnesota Vikings	TE	TE16	6.3 	101 	0 	0.0 	0.0 	0 	0.0 	0.0 	55.7 	3.5 	479 	29.9 	4.1 	0.302 	0.600 	0.433 	0 	0.106 	129 	145 	16 	16 	20 	4 	0.266 				-	-		-	-		-	-		-	-
	Xavier Worthy	Kansas City Chiefs	WR	WR49	7.2 	115 	0 	0.0 	0.0 	39 	2.5 	0.2 	47.4 	3.0 	602 	37.6 	4.3 	0.344 	1.000 	0.510 	(0)	0.000 	130 	120 	(10)	49 	49 	0 	0.264 				-	-		-	-		-	-		-	-
	Zach Charbonnet	Seattle Seahawks	RB	RB46	4.2 	68 	0 	0.0 	0.0 	352 	22.0 	4.7 	2.7 	0.2 	20 	1.2 	0.1 	0.203 	1.000 	0.540 	(1)	0.000 	131 	149 	18 	46 	46 	0 	0.263 				-	-		-	-		-	-		-	-
	Matthew Stafford	Los Angeles Rams	QB	QB21	17.1 	273 	3,741 	233.8 	30.9 	0 	0.0 	0.0 	0.0 	0.0 	0 	0.0 	0.0 	0.820 	0.500 	0.358 	(0)	0.000 	132 	90 	(42)	21 	12 	(9)	0.261 				-	-		-	-		-	-		-	-
	Romeo Doubs	New England Patriots	WR	WR50	7.2 	115 	0 	0.0 	0.0 	0 	0.0 	0.0 	49.7 	3.1 	657 	41.0 	4.0 	0.344 	1.000 	0.500 	(0)	0.000 	133 	126 	(7)	50 	51 	1 	0.259 				-	-		-	-		-	-		-	-
	Tyrone Tracy Jr.	New York Giants	RB	RB47	4.2 	68 	0 	0.0 	0.0 	368 	23.0 	2.4 	12.8 	0.8 	102 	6.4 	0.0 	0.203 	1.000 	0.530 	(1)	0.000 	134 	130 	(4)	47 	43 	(4)	0.259 				-	-		-	-		-	-		-	-
	AJ Barner	Seattle Seahawks	TE	TE17	6.3 	100 	0 	0.0 	0.0 	0 	0.0 	0.0 	48.8 	3.0 	488 	30.5 	4.5 	0.300 	0.600 	0.420 	0 	0.101 	135 	184 	49 	17 	27 	10 	0.259 				-	-		-	-		-	-		-	-
	C.J. Stroud	Houston Texans	QB	QB22	16.8 	268 	3,598 	224.8 	25.0 	178 	11.1 	1.1 	0.0 	0.0 	0 	0.0 	0.0 	0.805 	0.500 	0.350 	(0)	0.000 	136 	138 	2 	22 	23 	1 	0.256 				-	-		-	-		-	-		-	-
	Chris Godwin Jr.	Tampa Bay Buccaneers	WR	WR51	7.1 	114 	0 	0.0 	0.0 	0 	0.0 	0.0 	54.9 	3.4 	598 	37.4 	4.4 	0.341 	1.000 	0.490 	(0)	0.000 	137 	94 	(43)	51 	40 	(11)	0.255 				-	-		-	-		-	-		-	-
	Kimani Vidal	Los Angeles Chargers	RB	RB48	4.1 	65 	0 	0.0 	0.0 	344 	21.5 	2.2 	11.6 	0.7 	99 	6.2 	0.3 	0.195 	1.000 	0.520 	(1)	0.000 	138 	211 	73 	48 	66 	18 	0.253 				-	-		-	-		-	-		-	-
	Tre Tucker	Las Vegas Raiders	WR	WR52	7.1 	113 	0 	0.0 	0.0 	35 	2.2 	0.0 	48.9 	3.1 	596 	37.3 	4.2 	0.339 	1.000 	0.480 	(0)	0.000 	139 	175 	36 	52 	67 	15 	0.250 				-	-		-	-		-	-		-	-
	Cam Ward	Tennessee Titans	QB	QB23	16.2 	260 	3,436 	214.7 	23.8 	194 	12.1 	1.3 	0.0 	0.0 	0 	0.0 	0.0 	0.780 	0.500 	0.343 	(1)	0.000 	140 	140 	0 	23 	24 	1 	0.249 				-	-		-	-		-	-		-	-
	Tyler Allgeier	Arizona Cardinals	RB	RB49	3.8 	61 	0 	0.0 	0.0 	350 	21.9 	2.3 	9.2 	0.6 	65 	4.0 	0.2 	0.185 	1.000 	0.510 	(1)	0.000 	141 	150 	9 	49 	47 	(2)	0.248 				-	-		-	-		-	-		-	-
	Jayden Higgins	Houston Texans	WR	WR53	7.0 	113 	0 	0.0 	0.0 	0 	0.0 	0.0 	42.2 	2.6 	540 	33.7 	6.3 	0.338 	1.000 	0.470 	(0)	0.000 	142 	136 	(6)	53 	54 	1 	0.245 				-	-		-	-		-	-		-	-
	Daniel Jones	Indianapolis Colts	QB	QB24	15.9 	254 	3,424 	214.0 	21.7 	184 	11.5 	2.0 	0.0 	0.0 	0 	0.0 	0.0 	0.763 	0.500 	0.335 	(1)	0.000 	143 	148 	5 	24 	25 	1 	0.244 				-	-		-	-		-	-		-	-
	Brian Robinson Jr.	Atlanta Falcons	RB	RB50	3.7 	60 	0 	0.0 	0.0 	297 	18.6 	3.5 	10.0 	0.6 	31 	1.9 	0.2 	0.180 	1.000 	0.500 	(1)	0.000 	144 	161 	17 	50 	52 	2 	0.243 				-	-		-	-		-	-		-	-
	Jalen Coker	Carolina Panthers	WR	WR54	6.9 	110 	0 	0.0 	0.0 	0 	0.0 	0.0 	51.3 	3.2 	610 	38.1 	3.9 	0.331 	1.000 	0.460 	(0)	0.000 	145 	143 	(2)	54 	55 	1 	0.240 				-	-		-	-		-	-		-	-
	Bryce Young	Carolina Panthers	QB	QB25	15.8 	253 	3,211 	200.7 	23.0 	235 	14.7 	1.5 	0.0 	0.0 	0 	0.0 	0.0 	0.760 	0.500 	0.328 	(1)	0.000 	146 	154 	8 	25 	26 	1 	0.240 				-	-		-	-		-	-		-	-
	Alvin Kamara	New Orleans Saints	RB	RB51	3.6 	58 	0 	0.0 	0.0 	291 	18.2 	2.1 	12.7 	0.8 	71 	4.5 	0.5 	0.174 	1.000 	0.490 	(1)	0.000 	147 	160 	13 	51 	51 	0 	0.238 				-	-		-	-		-	-		-	-
	Malik Willis	Miami Dolphins	QB	QB26	15.8 	252 	2,592 	162.0 	16.6 	621 	38.8 	3.3 	0.0 	0.0 	0 	0.0 	0.0 	0.757 	0.500 	0.320 	(1)	0.000 	148 	131 	(17)	26 	21 	(5)	0.236 				-	-		-	-		-	-		-	-
	Rashid Shaheed	Seattle Seahawks	WR	WR55	6.7 	107 	0 	0.0 	0.0 	0 	0.0 	0.0 	45.0 	2.8 	563 	35.2 	4.8 	0.322 	1.000 	0.450 	(0)	0.000 	149 	147 	(2)	55 	57 	2 	0.235 				-	-		-	-		-	-		-	-
	Emmett Johnson	Kansas City Chiefs	RB	RB52	3.3 	53 	0 	0.0 	0.0 	276 	17.2 	1.7 	10.1 	0.6 	71 	4.4 	0.5 	0.159 	1.000 	0.480 	(1)	0.000 	150 	178 	28 	52 	56 	4 	0.232 				-	-		-	-		-	-		-	-
	Shedeur Sanders	Cleveland Browns	QB	QB27	15.3 	245 	3,305 	206.6 	20.5 	218 	13.6 	1.6 	0.0 	0.0 	0 	0.0 	0.0 	0.737 	0.500 	0.312 	(1)	0.000 	151 	233 	82 	27 	35 	8 	0.230 				-	-		-	-		-	-		-	-
	Khalil Shakir	Buffalo Bills	WR	WR56	6.5 	105 	0 	0.0 	0.0 	22 	1.4 	0.0 	55.8 	3.5 	558 	34.9 	3.1 	0.314 	1.000 	0.440 	(0)	0.000 	152 	132 	(20)	56 	53 	(3)	0.229 				-	-		-	-		-	-		-	-
	Dalton Kincaid	Buffalo Bills	TE	TE18	5.9 	95 	0 	0.0 	0.0 	0 	0.0 	0.0 	36.0 	2.2 	525 	32.8 	4.1 	0.285 	0.600 	0.407 	0 	0.048 	153 	111 	(42)	18 	11 	(7)	0.227 				-	-		-	-		-	-		-	-
	Justice Hill	Baltimore Ravens	RB	RB53	3.3 	53 	0 	0.0 	0.0 	162 	10.1 	0.9 	21.1 	1.3 	169 	10.5 	0.6 	0.159 	1.000 	0.470 	(1)	0.000 	154 	227 	73 	53 	71 	18 	0.227 				-	-		-	-		-	-		-	-
	Jayden Reed	Green Bay Packers	WR	WR57	6.4 	102 	0 	0.0 	0.0 	0 	0.0 	0.0 	46.3 	2.9 	504 	31.5 	4.8 	0.307 	1.000 	0.430 	(0)	0.000 	155 	100 	(55)	57 	41 	(16)	0.224 				-	-		-	-		-	-		-	-
	Aaron Rodgers	Pittsburgh Steelers	QB	QB28	14.9 	238 	3,326 	207.9 	23.9 	72 	4.5 	0.4 	0.0 	0.0 	0 	0.0 	0.0 	0.714 	0.500 	0.305 	(1)	0.000 	156 	167 	11 	28 	28 	0 	0.224 				-	-		-	-		-	-		-	-
	Nicholas Singleton	Tennessee Titans	RB	RB54	3.2 	51 	0 	0.0 	0.0 	210 	13.1 	1.6 	14.7 	0.9 	103 	6.4 	0.5 	0.154 	1.000 	0.460 	(1)	0.000 	157 	170 	13 	54 	54 	0 	0.222 				-	-		-	-		-	-		-	-
	Fernando Mendoza	Las Vegas Raiders	QB	QB29	14.9 	238 	3,139 	196.2 	22.3 	177 	11.0 	0.9 	0.0 	0.0 	0 	0.0 	0.0 	0.714 	0.500 	0.297 	(1)	0.000 	158 	164 	6 	29 	27 	(2)	0.220 				-	-		-	-		-	-		-	-
	Omar Cooper Jr.	New York Jets	WR	WR58	6.2 	99 	0 	0.0 	0.0 	0 	0.0 	0.0 	41.6 	2.6 	541 	33.8 	4.0 	0.297 	1.000 	0.420 	(1)	0.000 	159 	156 	(3)	58 	59 	1 	0.219 				-	-		-	-		-	-		-	-
	Tank Bigsby	Philadelphia Eagles	RB	RB55	3.2 	51 	0 	0.0 	0.0 	336 	21.0 	2.1 	2.9 	0.2 	31 	1.9 	0.0 	0.153 	1.000 	0.450 	(1)	0.000 	160 	180 	20 	55 	57 	2 	0.218 				-	-		-	-		-	-		-	-
	Jacoby Brissett	Arizona Cardinals	QB	QB30	14.8 	236 	3,232 	202.0 	21.9 	159 	9.9 	0.6 	0.0 	0.0 	0 	0.0 	0.0 	0.709 	0.500 	0.289 	(1)	0.000 	161 	169 	8 	30 	29 	(1)	0.215 				-	-		-	-		-	-		-	-
	Matthew Golden	Green Bay Packers	WR	WR59	6.0 	95 	0 	0.0 	0.0 	41 	2.5 	0.0 	37.8 	2.4 	468 	29.3 	4.3 	0.286 	1.000 	0.410 	(1)	0.000 	162 	125 	(37)	59 	50 	(9)	0.213 				-	-		-	-		-	-		-	-
	Mike Washington Jr.	Las Vegas Raiders	RB	RB56	3.1 	49 	0 	0.0 	0.0 	230 	14.3 	1.3 	13.5 	0.8 	94 	5.9 	0.4 	0.148 	1.000 	0.440 	(1)	0.000 	163 	172 	9 	56 	55 	(1)	0.213 				-	-		-	-		-	-		-	-
	Geno Smith	New York Jets	QB	QB31	14.0 	225 	3,005 	187.8 	20.0 	203 	12.7 	0.7 	0.0 	0.0 	0 	0.0 	0.0 	0.674 	0.500 	0.281 	(2)	0.000 	164 	177 	13 	31 	30 	(1)	0.208 				-	-		-	-		-	-		-	-
	Ollie Gordon II	Miami Dolphins	RB	RB57	3.0 	49 	0 	0.0 	0.0 	253 	15.8 	1.9 	11.3 	0.7 	52 	3.2 	0.2 	0.146 	1.000 	0.430 	(1)	0.000 	165 	230 	65 	57 	73 	16 	0.208 				-	-		-	-		-	-		-	-
	Jack Bech	Las Vegas Raiders	WR	WR60	5.6 	89 	0 	0.0 	0.0 	0 	0.0 	0.0 	42.0 	2.6 	471 	29.4 	3.6 	0.269 	1.000 	0.400 	(1)	0.000 	166 	244 	78 	60 	94 	34 	0.207 				-	-		-	-		-	-		-	-
	Michael Penix Jr.	Atlanta Falcons	QB	QB32	13.8 	221 	3,096 	193.5 	20.1 	119 	7.4 	0.8 	0.0 	0.0 	0 	0.0 	0.0 	0.663 	0.500 	0.274 	(2)	0.000 	167 	226 	59 	32 	33 	1 	0.203 				-	-		-	-		-	-		-	-
	Jaydon Blue	Dallas Cowboys	RB	RB58	2.9 	47 	0 	0.0 	0.0 	251 	15.7 	2.3 	8.0 	0.5 	40 	2.5 	0.0 	0.140 	1.000 	0.420 	(1)	0.000 	168 	243 	75 	58 	78 	20 	0.203 				-	-		-	-		-	-		-	-
	Malik Washington	Miami Dolphins	WR	WR61	5.5 	88 	0 	0.0 	0.0 	0 	0.0 	0.0 	60.1 	3.8 	415 	25.9 	2.8 	0.265 	1.000 	0.390 	(1)	0.000 	169 	189 	20 	61 	71 	10 	0.202 				-	-		-	-		-	-		-	-
	Kenyon Sadiq	New York Jets	TE	TE19	5.6 	90 	0 	0.0 	0.0 	0 	0.0 	0.0 	45.1 	2.8 	451 	28.2 	3.8 	0.271 	0.600 	0.395 	0 	0.003 	170 	134 	(36)	19 	16 	(3)	0.200 				-	-		-	-		-	-		-	-
	Braelon Allen	New York Jets	RB	RB59	2.8 	45 	0 	0.0 	0.0 	276 	17.3 	2.5 	0.0 	0.0 	30 	1.9 	0.0 	0.136 	1.000 	0.410 	(1)	0.000 	171 	198 	27 	59 	62 	3 	0.198 				-	-		-	-		-	-		-	-
	Antonio Williams	Washington Commanders	WR	WR62	5.3 	84 	0 	0.0 	0.0 	0 	0.0 	0.0 	38.1 	2.4 	457 	28.6 	3.3 	0.253 	1.000 	0.380 	(1)	0.000 	172 	168 	(4)	62 	64 	2 	0.196 				-	-		-	-		-	-		-	-
	Adam Randall	Baltimore Ravens	RB	RB60	2.6 	42 	0 	0.0 	0.0 	297 	18.6 	2.0 	0.0 	0.0 	0 	0.0 	0.0 	0.126 	1.000 	0.400 	(1)	0.000 	173 	245 	72 	60 	79 	19 	0.193 				-	-		-	-		-	-		-	-
	Oronde Gadsden II	Los Angeles Chargers	TE	TE20	5.4 	86 	0 	0.0 	0.0 	0 	0.0 	0.0 	34.0 	2.1 	462 	28.9 	3.7 	0.257 	0.600 	0.382 	(0)	0.000 	174 	135 	(39)	20 	17 	(3)	0.191 				-	-		-	-		-	-		-	-
	Chris Bell	Miami Dolphins	WR	WR63	5.0 	79 	0 	0.0 	0.0 	0 	0.0 	0.0 	36.7 	2.3 	441 	27.5 	2.8 	0.238 	1.000 	0.370 	(1)	0.000 	175 	196 	21 	63 	75 	12 	0.190 				-	-		-	-		-	-		-	-
	Samaje Perine	Cincinnati Bengals	RB	RB61	2.6 	42 	0 	0.0 	0.0 	193 	12.0 	2.0 	8.1 	0.5 	41 	2.6 	0.3 	0.125 	1.000 	0.390 	(1)	0.000 	176 	252 	76 	61 	81 	20 	0.188 				-	-		-	-		-	-		-	-
	Dalton Schultz	Houston Texans	TE	TE21	5.3 	85 	0 	0.0 	0.0 	0 	0.0 	0.0 	45.4 	2.8 	432 	27.0 	3.3 	0.256 	0.600 	0.368 	(0)	0.000 	177 	165 	(12)	21 	23 	2 	0.186 				-	-		-	-		-	-		-	-
	Calvin Ridley	Tennessee Titans	WR	WR64	4.9 	79 	0 	0.0 	0.0 	0 	0.0 	0.0 	25.1 	1.6 	447 	27.9 	3.6 	0.236 	1.000 	0.360 	(1)	0.000 	178 	182 	4 	64 	69 	5 	0.186 				-	-		-	-		-	-		-	-
	Keon Coleman	Buffalo Bills	WR	WR65	4.7 	75 	0 	0.0 	0.0 	0 	0.0 	0.0 	37.2 	2.3 	394 	24.6 	2.9 	0.226 	1.000 	0.350 	(1)	0.000 	179 	234 	55 	65 	89 	24 	0.180 				-	-		-	-		-	-		-	-
	Brenton Strange	Jacksonville Jaguars	TE	TE22	5.2 	84 	0 	0.0 	0.0 	0 	0.0 	0.0 	37.2 	2.3 	436 	27.2 	3.6 	0.251 	0.600 	0.355 	(0)	0.000 	180 	151 	(29)	22 	22 	0 	0.180 				-	-		-	-		-	-		-	-
	Jauan Jennings	Minnesota Vikings	WR	WR66	4.5 	73 	0 	0.0 	0.0 	0 	0.0 	0.0 	32.2 	2.0 	376 	23.5 	3.2 	0.218 	1.000 	0.340 	(1)	0.000 	181 	155 	(26)	66 	58 	(8)	0.175 				-	-		-	-		-	-		-	-
	Mike Gesicki	Cincinnati Bengals	TE	TE23	5.2 	83 	0 	0.0 	0.0 	0 	0.0 	0.0 	37.5 	2.3 	413 	25.8 	3.8 	0.248 	0.600 	0.342 	(0)	0.000 	182 	225 	43 	23 	35 	12 	0.174 				-	-		-	-		-	-		-	-
	Denzel Boston	Cleveland Browns	WR	WR67	4.4 	70 	0 	0.0 	0.0 	0 	0.0 	0.0 	35.4 	2.2 	397 	24.8 	2.0 	0.209 	1.000 	0.330 	(1)	0.000 	183 	163 	(20)	67 	62 	(5)	0.169 				-	-		-	-		-	-		-	-
	Dallas Goedert	Philadelphia Eagles	TE	TE24	5.1 	82 	0 	0.0 	0.0 	0 	0.0 	0.0 	37.5 	2.3 	371 	23.2 	4.3 	0.245 	0.600 	0.328 	(0)	0.000 	184 	119 	(65)	24 	14 	(10)	0.168 				-	-		-	-		-	-		-	-
	Jalen McMillan	Tampa Bay Buccaneers	WR	WR68	4.0 	65 	0 	0.0 	0.0 	0 	0.0 	0.0 	22.5 	1.4 	332 	20.8 	3.3 	0.194 	1.000 	0.320 	(1)	0.000 	185 	159 	(26)	68 	61 	(7)	0.163 				-	-		-	-		-	-		-	-
	Evan Engram	Denver Broncos	TE	TE25	4.9 	79 	0 	0.0 	0.0 	0 	0.0 	0.0 	45.3 	2.8 	417 	26.0 	2.4 	0.236 	0.600 	0.314 	(0)	0.000 	186 	217 	31 	25 	33 	8 	0.161 				-	-		-	-		-	-		-	-
	Rashod Bateman	Baltimore Ravens	WR	WR69	4.0 	63 	0 	0.0 	0.0 	0 	0.0 	0.0 	26.2 	1.6 	309 	19.3 	3.2 	0.190 	1.000 	0.310 	(1)	0.000 	187 	247 	60 	69 	96 	27 	0.159 				-	-		-	-		-	-		-	-
	Cade Otton	Tampa Bay Buccaneers	TE	TE26	4.4 	70 	0 	0.0 	0.0 	0 	0.0 	0.0 	0.0 	0.0 	499 	31.2 	3.3 	0.210 	0.600 	0.301 	(0)	0.000 	188 	185 	(3)	26 	28 	2 	0.152 				-	-		-	-		-	-		-	-
	Malachi Fields	New York Giants	WR	WR70	3.4 	54 	0 	0.0 	0.0 	0 	0.0 	0.0 	25.6 	1.6 	307 	19.2 	1.8 	0.163 	1.000 	0.300 	(1)	0.000 	189 	203 	14 	70 	81 	11 	0.151 				-	-		-	-		-	-		-	-
	Troy Franklin	Denver Broncos	WR	WR71	3.4 	54 	0 	0.0 	0.0 	17 	1.1 	0.0 	25.5 	1.6 	278 	17.4 	1.9 	0.161 	1.000 	0.290 	(1)	0.000 	190 	237 	47 	71 	90 	19 	0.147 				-	-		-	-		-	-		-	-
	Isaiah Likely	New York Giants	TE	TE27	4.2 	66 	0 	0.0 	0.0 	0 	0.0 	0.0 	0.0 	0.0 	478 	29.9 	3.1 	0.199 	0.600 	0.287 	(1)	0.000 	191 	112 	(79)	27 	12 	(15)	0.145 				-	-		-	-		-	-		-	-
	Jaylin Lane	Washington Commanders	WR	WR72	3.1 	50 	0 	0.0 	0.0 	0 	0.0 	0.0 	18.5 	1.2 	261 	16.3 	2.4 	0.149 	1.000 	0.280 	(1)	0.000 	192 	325 	133 	72 	139 	67 	0.141 														
	Colby Parkinson	Los Angeles Rams	TE	TE28	4.1 	66 	0 	0.0 	0.0 	0 	0.0 	0.0 	31.5 	2.0 	299 	18.7 	3.4 	0.198 	0.600 	0.273 	(1)	0.000 	193 	219 	26 	28 	34 	6 	0.139 														
	Darnell Mooney	New York Giants	WR	WR73	3.0 	48 	0 	0.0 	0.0 	0 	0.0 	0.0 	19.8 	1.2 	273 	17.1 	1.8 	0.144 	1.000 	0.270 	(1)	0.000 	194 	208 	14 	73 	83 	10 	0.136 														
	Theo Johnson	New York Giants	TE	TE29	4.1 	66 	0 	0.0 	0.0 	0 	0.0 	0.0 	32.1 	2.0 	375 	23.5 	2.0 	0.197 	0.600 	0.259 	(1)	0.000 	195 	256 	61 	29 	38 	9 	0.133 														
	Andrei Iosivas	Cincinnati Bengals	WR	WR74	2.9 	46 	0 	0.0 	0.0 	0 	0.0 	0.0 	18.8 	1.2 	248 	15.5 	2.1 	0.140 	1.000 	0.260 	(1)	0.000 	196 	261 	65 	74 	103 	29 	0.131 														
	Pat Freiermuth	Pittsburgh Steelers	TE	TE30	4.0 	64 	0 	0.0 	0.0 	0 	0.0 	0.0 	0.0 	0.0 	399 	24.9 	4.1 	0.193 	0.600 	0.245 	(1)	0.000 	197 	188 	(9)	30 	29 	(1)	0.127 														
	Tory Horton	Seattle Seahawks	WR	WR75	2.5 	40 	0 	0.0 	0.0 	0 	0.0 	0.0 	18.2 	1.1 	225 	14.1 	1.4 	0.120 	1.000 	0.250 	(1)	0.000 	198 	241 	43 	75 	93 	18 	0.124 														
	Greg Dulcich	Miami Dolphins	TE	TE31	3.9 	62 	0 	0.0 	0.0 	0 	0.0 	0.0 	28.3 	1.8 	337 	21.1 	2.3 	0.185 	0.600 	0.230 	(1)	0.000 	199 	206 	7 	31 	30 	(1)	0.120 														
	Kayshon Boutte	New England Patriots	WR	WR76	2.3 	37 	0 	0.0 	0.0 	0 	0.0 	0.0 	13.1 	0.8 	219 	13.7 	1.5 	0.112 	1.000 	0.240 	(1)	0.000 	200 	200 	0 	76 	78 	2 	0.119 														
	Isaac TeSlaa	Detroit Lions	WR	WR77	2.3 	37 	0 	0.0 	0.0 	0 	0.0 	0.0 	13.2 	0.8 	196 	12.3 	1.8 	0.111 	1.000 	0.230 	(1)	0.000 	201 	186 	(15)	77 	70 	(7)	0.115 														
	Tommy Tremble	Carolina Panthers	TE	TE32	3.6 	58 	0 	0.0 	0.0 	0 	0.0 	0.0 	27.9 	1.7 	257 	16.1 	3.0 	0.173 	0.600 	0.216 	(1)	0.000 	202 	348 	146 	32 	56 	24 	0.112 														
	Olamide Zaccheaus	Atlanta Falcons	WR	WR78	2.3 	36 	0 	0.0 	0.0 	0 	0.0 	0.0 	23.2 	1.5 	186 	11.6 	1.0 	0.109 	1.000 	0.220 	(2)	0.000 	203 	298 	95 	78 	123 	45 	0.110 														
	Ja'Kobi Lane	Baltimore Ravens	WR	WR79	2.2 	35 	0 	0.0 	0.0 	0 	0.0 	0.0 	15.0 	0.9 	169 	10.5 	1.7 	0.104 	1.000 	0.210 	(2)	0.000 	204 	238 	34 	79 	91 	12 	0.105 														
	David Njoku	Los Angeles Chargers	TE	TE33	2.9 	46 	0 	0.0 	0.0 	0 	0.0 	0.0 	0.0 	0.0 	297 	18.6 	2.7 	0.137 	0.600 	0.202 	(1)	0.000 	205 	173 	(32)	33 	24 	(9)	0.101 														
	Jordan Whittington	Los Angeles Rams	WR	WR80	2.1 	34 	0 	0.0 	0.0 	0 	0.0 	0.0 	15.8 	1.0 	150 	9.4 	1.9 	0.102 	1.000 	0.200 	(2)	0.000 	206 	297 	91 	80 	122 	42 	0.100 														
	Jake Tonges	San Francisco 49ers	TE	TE34	2.8 	46 	0 	0.0 	0.0 	0 	0.0 	0.0 	28.1 	1.8 	241 	15.1 	1.2 	0.137 	0.600 	0.187 	(1)	0.000 	207 	215 	8 	34 	32 	(2)	0.095 														
	Devaughn Vele	New Orleans Saints	WR	WR81	2.0 	32 	0 	0.0 	0.0 	0 	0.0 	0.0 	15.3 	1.0 	178 	11.2 	1.0 	0.095 	1.000 	0.190 	(2)	0.000 	208 	260 	52 	81 	102 	21 	0.095 														
	Jahan Dotson	Atlanta Falcons	WR	WR82	1.9 	31 	0 	0.0 	0.0 	0 	0.0 	0.0 	12.7 	0.8 	186 	11.6 	1.0 	0.093 	1.000 	0.180 	(2)	0.000 	209 	286 	77 	82 	114 	32 	0.090 														
	Eli Stowers	Philadelphia Eagles	TE	TE35	2.8 	45 	0 	0.0 	0.0 	0 	0.0 	0.0 	24.3 	1.5 	216 	13.5 	1.8 	0.134 	0.600 	0.172 	(1)	0.000 	210 	183 	(27)	35 	26 	(9)	0.089 														
	Kendrick Bourne	Arizona Cardinals	WR	WR83	1.1 	18 	0 	0.0 	0.0 	0 	0.0 	0.0 	0.0 	0.0 	129 	8.1 	0.9 	0.055 	1.000 	0.170 	(2)	0.000 	211 	288 	77 	83 	116 	33 	0.082 														
	Terrance Ferguson	Los Angeles Rams	TE	TE36	2.1 	34 	0 	0.0 	0.0 	0 	0.0 	0.0 	8.9 	0.6 	187 	11.7 	1.9 	0.103 	0.600 	0.158 	(1)	0.000 	212 	213 	1 	36 	31 	(5)	0.079 														
	Elijah Arroyo	Seattle Seahawks	TE	TE37	2.1 	33 	0 	0.0 	0.0 	0 	0.0 	0.0 	15.8 	1.0 	188 	11.7 	1.1 	0.100 	0.600 	0.143 	(1)	0.000 	213 	282 	69 	37 	46 	9 	0.072 														
	Dawson Knox	Buffalo Bills	TE	TE38	1.8 	29 	0 	0.0 	0.0 	0 	0.0 	0.0 	0.0 	0.0 	164 	10.3 	2.1 	0.088 	0.600 	0.128 	(1)	0.000 	214 	266 	52 	38 	41 	3 	0.064 														
	Cole Kmet	Chicago Bears	TE	TE39	1.4 	22 	0 	0.0 	0.0 	0 	0.0 	0.0 	8.8 	0.5 	102 	6.4 	1.3 	0.066 	0.600 	0.113 	(2)	0.000 	215 	283 	68 	39 	47 	8 	0.055 														
	Mason Taylor	New York Jets	TE	TE40	1.3 	22 	0 	0.0 	0.0 	0 	0.0 	0.0 	14.3 	0.9 	120 	7.5 	0.4 	0.065 	0.600 	0.098 	(2)	0.000 	216 	258 	42 	40 	39 	(1)	0.049 														